{"stats":{"minecraft:killed_by":{"minecraft:skeleton":1},"minecraft:custom":{"minecraft:time_since_rest":7525,"minecraft:sprint_one_cm":54900,"minecraft:walk_one_cm":72140,"minecraft:damage_taken":3778,"minecraft:damage_absorbed":824,"minecraft:mob_kills":8,"minecraft:drop":3,"tombstone:raider_killed":1,"minecraft:damage_dealt":9161,"minecraft:fly_one_cm":651580,"minecraft:open_barrel":2,"minecraft:open_chest":2,"minecraft:crouch_one_cm":1488,"tombstone:undead_killed":2,"minecraft:play_time":90644,"minecraft:deaths":5,"minecraft:sneak_time":1960,"minecraft:walk_under_water_one_cm":3354,"minecraft:aviate_one_cm":746528,"minecraft:jump":873,"tombstone:kill_undead_boss":1,"minecraft:leave_game":5,"minecraft:time_since_death":13324,"minecraft:walk_on_water_one_cm":326,"minecraft:sleep_in_bed":1,"minecraft:total_world_time":90644,"minecraft:fall_one_cm":27795},"minecraft:killed":{"minecraft:piglin":1,"minecraft:goat":1,"cataclysm:ignited_berserker":1,"minecraft:witch":1,"cataclysm:ender_golem":1,"artifacts:mimic":1,"minecraft:wither":1},"minecraft:picked_up":{"minecraft:stick":2,"minecraft:clay_ball":8,"epicpaladins:arclight_gem":2,"minecraft:dripstone_block":1,"minecraft:gravel":3,"spelunkers_charm:deepslate_rock":11,"minecraft:tuff":16,"paraglider:heart_container":3,"minecraft:cobblestone_wall":2,"minecraft:redstone":8,"tombstone:voodoo_poppet":1,"cataclysm:dying_ember":2,"artifacts:fire_gauntlet":1,"minecraft:arrow":1,"minecraft:cobbled_deepslate":81,"cataclysm:void_core":1,"minecraft:beef":1,"endrem:wither_eye":2,"supplementaries:ash":7,"tombstone:magic_scroll":2,"minecraft:nether_star":1},"minecraft:mined":{"epicpaladins:deepslate_arclight_ore":2,"spelunkers_charm:deepslate_rock_pile_2":1,"minecraft:grass":2,"minecraft:tall_grass":4,"minecraft:deepslate":4},"minecraft:dropped":{"cataclysm:void_core":1,"cataclysm:dying_ember":2,"minecraft:arrow":1},"minecraft:used":{"securitycraft:blast_furnace_mine":2,"cataclysm:ignis_spawn_egg":1,"cataclysm:coral_golem_spawn_egg":1,"minecraft:diamond_pickaxe":6,"minecraft:diamond_boots":1,"minecraft:firework_rocket":25,"minecraft:flint_and_steel":2,"minecraft:wither_skeleton_skull":3,"cataclysm:ignited_berserker_spawn_egg":1,"minecraft:red_nether_bricks":4,"minecraft:elytra":1,"minecraft:ender_pearl":2,"cataclysm:ender_golem_spawn_egg":1,"cataclysm:kobolediator_spawn_egg":1,"minecraft:diamond_chestplate":1,"minecraft:diamond_sword":98,"minecraft:golden_apple":24,"minecraft:soul_sand":4,"minecraft:beef":1,"minecraft:diamond_helmet":1,"tombstone:gift":2,"minecraft:diamond_leggings":1,"minecraft:obsidian":36}},"DataVersion":3465}