{"stats":{"minecraft:dropped":{"minecraft:arrow":1},"minecraft:picked_up":{"minecraft:arrow":1},"minecraft:custom":{"minecraft:jump":142,"minecraft:time_since_rest":10203,"minecraft:leave_game":1,"minecraft:damage_dealt":80,"minecraft:crouch_one_cm":650,"minecraft:deaths":2,"minecraft:sprint_one_cm":7263,"minecraft:play_time":26840,"minecraft:damage_taken":650,"minecraft:time_since_death":10725,"minecraft:walk_one_cm":14881,"minecraft:sneak_time":356,"minecraft:total_world_time":26840,"minecraft:drop":1,"minecraft:fall_one_cm":7133,"minecraft:fly_one_cm":26106},"minecraft:killed_by":{"minecraft:skeleton":1},"minecraft:used":{"tombstone:gift":1}},"DataVersion":3465}