{"stats":{"minecraft:killed":{"minecraft:goat":1},"minecraft:custom":{"minecraft:open_barrel":1,"minecraft:time_since_rest":8707,"minecraft:open_chest":1,"minecraft:crouch_one_cm":1488,"minecraft:sprint_one_cm":18269,"minecraft:play_time":66918,"minecraft:damage_taken":1592,"minecraft:deaths":4,"minecraft:walk_one_cm":31995,"minecraft:sneak_time":1594,"minecraft:walk_under_water_one_cm":3251,"minecraft:mob_kills":1,"minecraft:drop":1,"minecraft:aviate_one_cm":746528,"minecraft:jump":327,"minecraft:damage_dealt":350,"minecraft:leave_game":5,"minecraft:walk_on_water_one_cm":225,"minecraft:time_since_death":11106,"minecraft:total_world_time":66918,"minecraft:fall_one_cm":10078,"minecraft:fly_one_cm":442634},"minecraft:used":{"minecraft:firework_rocket":25,"minecraft:beef":1,"minecraft:flint_and_steel":1,"minecraft:elytra":1,"minecraft:red_nether_bricks":4,"tombstone:gift":1,"minecraft:obsidian":13},"minecraft:dropped":{"minecraft:arrow":1},"minecraft:killed_by":{"minecraft:skeleton":1},"minecraft:picked_up":{"minecraft:arrow":1,"minecraft:beef":1,"minecraft:cobblestone_wall":2}},"DataVersion":3465}