{"stats":{"minecraft:custom":{"minecraft:mob_kills":22,"minecraft:open_barrel":13,"minecraft:damage_dealt_resisted":3518,"minecraft:leave_game":12,"minecraft:time_since_death":16635,"minecraft:climb_one_cm":3794,"minecraft:damage_resisted":1084,"minecraft:sprint_one_cm":131339,"minecraft:walk_one_cm":184758,"minecraft:drop":27,"minecraft:damage_dealt_absorbed":280,"minecraft:talked_to_villager":1,"minecraft:play_time":199148,"minecraft:deaths":7,"minecraft:sneak_time":5693,"minecraft:walk_under_water_one_cm":4774,"minecraft:jump":1696,"tombstone:kill_undead_boss":1,"minecraft:walk_on_water_one_cm":1871,"minecraft:total_world_time":199148,"tombstone:raider_killed":1,"minecraft:sleep_in_bed":1,"minecraft:time_since_rest":14236,"minecraft:damage_taken":8885,"minecraft:damage_absorbed":3099,"minecraft:damage_dealt":13275,"minecraft:swim_one_cm":305,"minecraft:fly_one_cm":2370707,"minecraft:open_chest":15,"minecraft:crouch_one_cm":4019,"tombstone:undead_killed":5,"minecraft:aviate_one_cm":1643921,"tombstone:villager_killed":1,"minecraft:fall_one_cm":42827},"minecraft:killed":{"minecraft:witch":1,"minecraft:wither":1,"minecraft:piglin_brute":4,"cataclysm:ender_golem":1,"artifacts:mimic":1,"minecraft:magma_cube":1,"minecraft:piglin":4,"minecraft:wandering_trader":1,"minecraft:goat":1,"cataclysm:ignited_berserker":1,"minecraft:zombie":3},"minecraft:broken":{"minecraft:diamond_helmet":1,"minecraft:diamond_leggings":1,"minecraft:diamond_boots":1},"minecraft:mined":{"epicpaladins:jade_ore":1,"minecraft:spawner":1,"epicpaladins:deepslate_arclight_ore":2,"spelunkers_charm:deepslate_rock_pile_2":1,"minecraft:rail":1,"minecraft:tall_grass":4,"supplementaries:urn":1,"minecraft:grass":2,"minecraft:deepslate":4},"minecraft:dropped":{"minecraft:enchanted_book":1,"minecraft:chorus_fruit":3,"endrem:guardian_eye":1,"minecraft:iron_helmet":1,"endrem:cryptic_eye":1,"endrem:witch_eye":1,"endrem:exotic_eye":1,"minecraft:dirt":3,"cataclysm:void_core":1,"endrem:undead_eye":1,"endrem:wither_eye":1,"minecraft:crimson_fungus":1,"minecraft:netherite_sword":1,"cataclysm:dying_ember":2,"endrem:rogue_eye":1,"endrem:old_eye":1,"minecraft:diamond_shovel":1,"minecraft:end_stone":7,"minecraft:ender_eye":1,"endrem:evil_eye":1,"minecraft:diamond_pickaxe":1,"endrem:magical_eye":1,"endrem:cursed_eye":1,"endrem:nether_eye":1,"minecraft:arrow":1},"minecraft:used":{"cataclysm:coral_golem_spawn_egg":1,"minecraft:netherite_sword":38,"minecraft:flint_and_steel":3,"minecraft:elytra":5,"cataclysm:ender_golem_spawn_egg":1,"endrem:lost_eye":1,"minecraft:soul_sand":4,"endrem:cursed_eye":1,"minecraft:diamond_helmet":1,"endrem:witch_eye":1,"minecraft:obsidian":51,"tombstone:tablet_of_cupidity":1,"minecraft:item_frame":1,"supplementaries:bomb_blue":1,"minecraft:diamond_chestplate":1,"minecraft:basalt":6,"minecraft:beef":1,"endrem:black_eye":2,"tombstone:gift":2,"minecraft:enchanted_golden_apple":19,"endrem:cryptic_eye":1,"cataclysm:ignis_spawn_egg":1,"minecraft:diamond_boots":1,"minecraft:wither_skeleton_skull":3,"minecraft:red_nether_bricks":4,"endrem:cold_eye":1,"minecraft:ender_pearl":4,"bosses_of_mass_destruction:obsidilith_end_frame":1,"endrem:undead_eye":1,"minecraft:golden_apple":43,"endrem:exotic_eye":1,"endrem:evil_eye":1,"minecraft:end_stone":9,"endrem:corrupted_eye":1,"securitycraft:blast_furnace_mine":2,"endrem:rogue_eye":1,"minecraft:diamond_pickaxe":24,"minecraft:firework_rocket":62,"cataclysm:ignited_berserker_spawn_egg":1,"cataclysm:kobolediator_spawn_egg":1,"minecraft:diamond_sword":138,"minecraft:diamond_leggings":1,"endrem:nether_eye":1},"minecraft:killed_by":{"minecraft:skeleton":1},"minecraft:picked_up":{"endrem:magical_eye":1,"minecraft:clay_ball":8,"minecraft:chest_minecart":1,"endrem:witch_eye":1,"spelunkers_charm:deepslate_rock":11,"minecraft:enchanted_book":1,"minecraft:crimson_trapdoor":2,"paraglider:heart_container":3,"minecraft:elytra":1,"minecraft:item_frame":1,"artifacts:fire_gauntlet":1,"minecraft:activator_rail":1,"minecraft:cobbled_deepslate":81,"minecraft:beef":1,"endrem:undead_eye":1,"endrem:wither_eye":3,"supplementaries:rope":8,"minecraft:phantom_membrane":1,"minecraft:stick":2,"endrem:evil_eye":1,"minecraft:end_stone":6,"minecraft:polished_blackstone_stairs":4,"endrem:exotic_eye":1,"epicpaladins:arclight_gem":2,"minecraft:torch":9,"endrem:nether_eye":1,"minecraft:redstone":8,"minecraft:arrow":2,"cataclysm:dying_ember":2,"minecraft:rotten_flesh":5,"farmersdelight:rope":3,"minecraft:end_rod":8,"supplementaries:ash":7,"minecraft:polished_blackstone":1,"endrem:rogue_eye":1,"minecraft:rail":3,"endrem:cursed_eye":1,"minecraft:basalt":6,"minecraft:magma_cream":1,"epicpaladins:jade_gem":1,"paraglider:spirit_orb":2,"minecraft:crimson_fungus":1,"minecraft:tuff":16,"minecraft:cobblestone_wall":2,"tombstone:voodoo_poppet":1,"minecraft:dirt":3,"minecraft:lantern":1,"endrem:cryptic_eye":1,"minecraft:name_tag":1,"minecraft:bone":1,"cataclysm:void_core":1,"minecraft:popped_chorus_fruit":3,"minecraft:iron_ingot":11,"endrem:guardian_eye":1,"minecraft:smooth_basalt":8,"endrem:old_eye":1,"minecraft:gravel":3,"minecraft:dripstone_block":1,"minecraft:diamond_shovel":1,"minecraft:diamond":3,"minecraft:iron_helmet":1,"minecraft:polished_blackstone_brick_wall":1,"minecraft:emerald":2,"tombstone:magic_scroll":2,"minecraft:chorus_fruit":3,"minecraft:nether_star":1,"minecraft:diamond_pickaxe":2}},"DataVersion":3465}