{"stats":{"minecraft:killed_by":{"minecraft:skeleton":1},"minecraft:custom":{"minecraft:mob_kills":16,"tombstone:raider_killed":1,"minecraft:open_barrel":8,"minecraft:leave_game":5,"minecraft:time_since_death":25324,"minecraft:sleep_in_bed":1,"minecraft:climb_one_cm":1536,"minecraft:time_since_rest":19525,"minecraft:damage_absorbed":1326,"minecraft:sprint_one_cm":85409,"minecraft:damage_taken":6137,"minecraft:walk_one_cm":111672,"minecraft:drop":3,"minecraft:damage_dealt":11430,"minecraft:damage_dealt_absorbed":280,"minecraft:fly_one_cm":766876,"minecraft:open_chest":9,"minecraft:crouch_one_cm":1685,"minecraft:play_time":102644,"tombstone:undead_killed":2,"minecraft:deaths":5,"minecraft:sneak_time":2413,"minecraft:walk_under_water_one_cm":3354,"minecraft:aviate_one_cm":746528,"minecraft:jump":1202,"tombstone:kill_undead_boss":1,"minecraft:walk_on_water_one_cm":326,"minecraft:total_world_time":102644,"minecraft:fall_one_cm":38104},"minecraft:killed":{"minecraft:magma_cube":1,"minecraft:piglin":4,"minecraft:witch":1,"minecraft:wither":1,"minecraft:goat":1,"cataclysm:ignited_berserker":1,"minecraft:piglin_brute":4,"cataclysm:ender_golem":1,"artifacts:mimic":1},"minecraft:picked_up":{"minecraft:basalt":6,"minecraft:magma_cream":1,"minecraft:clay_ball":8,"spelunkers_charm:deepslate_rock":11,"minecraft:crimson_trapdoor":2,"minecraft:tuff":16,"minecraft:crimson_fungus":1,"paraglider:heart_container":3,"minecraft:cobblestone_wall":2,"tombstone:voodoo_poppet":1,"minecraft:lantern":1,"artifacts:fire_gauntlet":1,"minecraft:cobbled_deepslate":81,"cataclysm:void_core":1,"minecraft:beef":1,"endrem:wither_eye":2,"minecraft:stick":2,"minecraft:smooth_basalt":8,"minecraft:polished_blackstone_stairs":4,"epicpaladins:arclight_gem":2,"minecraft:dripstone_block":1,"minecraft:gravel":3,"minecraft:redstone":8,"minecraft:arrow":1,"cataclysm:dying_ember":2,"minecraft:polished_blackstone_brick_wall":1,"minecraft:polished_blackstone":1,"supplementaries:ash":7,"tombstone:magic_scroll":2,"minecraft:nether_star":1},"minecraft:mined":{"minecraft:tall_grass":4,"epicpaladins:deepslate_arclight_ore":2,"spelunkers_charm:deepslate_rock_pile_2":1,"minecraft:grass":2,"minecraft:deepslate":4},"minecraft:broken":{"minecraft:diamond_boots":1,"minecraft:diamond_helmet":1,"minecraft:diamond_leggings":1},"minecraft:dropped":{"cataclysm:dying_ember":2,"cataclysm:void_core":1,"minecraft:arrow":1},"minecraft:used":{"cataclysm:coral_golem_spawn_egg":1,"cataclysm:ignis_spawn_egg":1,"minecraft:diamond_boots":1,"minecraft:wither_skeleton_skull":3,"minecraft:flint_and_steel":2,"minecraft:elytra":1,"minecraft:red_nether_bricks":4,"minecraft:ender_pearl":4,"cataclysm:ender_golem_spawn_egg":1,"minecraft:golden_apple":43,"minecraft:soul_sand":4,"minecraft:diamond_helmet":1,"minecraft:obsidian":36,"securitycraft:blast_furnace_mine":2,"minecraft:diamond_pickaxe":6,"minecraft:firework_rocket":25,"cataclysm:ignited_berserker_spawn_egg":1,"cataclysm:kobolediator_spawn_egg":1,"minecraft:diamond_chestplate":1,"minecraft:basalt":6,"minecraft:diamond_sword":138,"minecraft:beef":1,"tombstone:gift":2,"minecraft:diamond_leggings":1}},"DataVersion":3465}