{"stats":{"minecraft:killed":{"minecraft:goat":1},"minecraft:custom":{"minecraft:time_since_rest":1,"minecraft:open_chest":1,"minecraft:crouch_one_cm":1023,"minecraft:sprint_one_cm":17465,"minecraft:play_time":56811,"minecraft:deaths":4,"minecraft:damage_taken":1127,"minecraft:walk_one_cm":23591,"minecraft:sneak_time":1288,"minecraft:walk_under_water_one_cm":822,"minecraft:mob_kills":1,"minecraft:drop":1,"minecraft:aviate_one_cm":746528,"minecraft:jump":262,"minecraft:damage_dealt":180,"minecraft:leave_game":4,"minecraft:walk_on_water_one_cm":22,"minecraft:time_since_death":999,"minecraft:total_world_time":56811,"minecraft:fall_one_cm":10078,"minecraft:fly_one_cm":268258},"minecraft:used":{"minecraft:firework_rocket":25,"minecraft:beef":1,"minecraft:flint_and_steel":1,"minecraft:elytra":1,"minecraft:red_nether_bricks":4,"tombstone:gift":1,"minecraft:obsidian":13},"minecraft:dropped":{"minecraft:arrow":1},"minecraft:killed_by":{"minecraft:skeleton":1},"minecraft:picked_up":{"minecraft:arrow":1,"minecraft:beef":1,"minecraft:cobblestone_wall":2}},"DataVersion":3465}