{"stats":{"minecraft:killed":{"minecraft:magma_cube":1,"minecraft:piglin":4,"minecraft:witch":1,"minecraft:wandering_trader":1,"minecraft:wither":1,"minecraft:goat":1,"cataclysm:ignited_berserker":1,"minecraft:piglin_brute":4,"cataclysm:ender_golem":1,"artifacts:mimic":1},"minecraft:custom":{"minecraft:mob_kills":17,"tombstone:raider_killed":1,"minecraft:open_barrel":13,"minecraft:damage_dealt_resisted":3518,"minecraft:leave_game":10,"minecraft:time_since_death":86753,"minecraft:sleep_in_bed":1,"minecraft:climb_one_cm":3317,"minecraft:time_since_rest":80954,"minecraft:damage_absorbed":1326,"minecraft:sprint_one_cm":102824,"minecraft:damage_taken":6137,"minecraft:walk_one_cm":150161,"minecraft:drop":27,"minecraft:damage_dealt":12303,"minecraft:swim_one_cm":305,"minecraft:damage_dealt_absorbed":280,"minecraft:talked_to_villager":1,"minecraft:fly_one_cm":2243187,"minecraft:open_chest":12,"minecraft:crouch_one_cm":2926,"minecraft:play_time":164073,"tombstone:undead_killed":2,"minecraft:deaths":5,"minecraft:sneak_time":5433,"minecraft:walk_under_water_one_cm":3906,"tombstone:villager_killed":1,"minecraft:aviate_one_cm":746528,"minecraft:jump":1369,"tombstone:kill_undead_boss":1,"minecraft:walk_on_water_one_cm":962,"minecraft:total_world_time":164073,"minecraft:fall_one_cm":38104},"minecraft:dropped":{"minecraft:enchanted_book":1,"minecraft:crimson_fungus":1,"minecraft:chorus_fruit":3,"endrem:guardian_eye":1,"minecraft:netherite_sword":1,"cataclysm:dying_ember":2,"endrem:rogue_eye":1,"endrem:old_eye":1,"minecraft:iron_helmet":1,"minecraft:diamond_shovel":1,"minecraft:end_stone":7,"minecraft:ender_eye":1,"endrem:cryptic_eye":1,"endrem:witch_eye":1,"endrem:evil_eye":1,"endrem:exotic_eye":1,"minecraft:dirt":3,"minecraft:diamond_pickaxe":1,"endrem:magical_eye":1,"cataclysm:void_core":1,"endrem:cursed_eye":1,"endrem:nether_eye":1,"minecraft:arrow":1,"endrem:undead_eye":1,"endrem:wither_eye":1},"minecraft:mined":{"minecraft:tall_grass":4,"epicpaladins:deepslate_arclight_ore":2,"spelunkers_charm:deepslate_rock_pile_2":1,"minecraft:grass":2,"minecraft:deepslate":4},"minecraft:used":{"endrem:cryptic_eye":1,"minecraft:netherite_sword":38,"cataclysm:coral_golem_spawn_egg":1,"cataclysm:ignis_spawn_egg":1,"minecraft:diamond_boots":1,"minecraft:flint_and_steel":3,"minecraft:wither_skeleton_skull":3,"minecraft:red_nether_bricks":4,"minecraft:elytra":1,"endrem:cold_eye":1,"minecraft:ender_pearl":4,"cataclysm:ender_golem_spawn_egg":1,"bosses_of_mass_destruction:obsidilith_end_frame":1,"endrem:undead_eye":1,"endrem:lost_eye":1,"endrem:exotic_eye":1,"minecraft:golden_apple":43,"minecraft:soul_sand":4,"endrem:cursed_eye":1,"endrem:evil_eye":1,"minecraft:diamond_helmet":1,"endrem:witch_eye":1,"minecraft:end_stone":9,"minecraft:obsidian":51,"endrem:rogue_eye":1,"endrem:corrupted_eye":1,"securitycraft:blast_furnace_mine":2,"minecraft:diamond_pickaxe":6,"minecraft:firework_rocket":25,"cataclysm:ignited_berserker_spawn_egg":1,"cataclysm:kobolediator_spawn_egg":1,"minecraft:basalt":6,"minecraft:diamond_chestplate":1,"minecraft:diamond_sword":138,"minecraft:beef":1,"endrem:black_eye":2,"tombstone:gift":2,"minecraft:diamond_leggings":1,"endrem:nether_eye":1},"minecraft:killed_by":{"minecraft:skeleton":1},"minecraft:broken":{"minecraft:diamond_boots":1,"minecraft:diamond_helmet":1,"minecraft:diamond_leggings":1},"minecraft:picked_up":{"endrem:cursed_eye":1,"endrem:magical_eye":1,"minecraft:basalt":6,"minecraft:magma_cream":1,"minecraft:clay_ball":8,"endrem:witch_eye":1,"minecraft:enchanted_book":1,"spelunkers_charm:deepslate_rock":11,"minecraft:crimson_trapdoor":2,"minecraft:crimson_fungus":1,"minecraft:tuff":16,"paraglider:heart_container":3,"minecraft:cobblestone_wall":2,"tombstone:voodoo_poppet":1,"minecraft:dirt":3,"minecraft:lantern":1,"endrem:cryptic_eye":1,"artifacts:fire_gauntlet":1,"minecraft:cobbled_deepslate":81,"cataclysm:void_core":1,"minecraft:beef":1,"endrem:undead_eye":1,"endrem:wither_eye":3,"minecraft:end_stone":6,"endrem:guardian_eye":1,"minecraft:stick":2,"endrem:evil_eye":1,"endrem:old_eye":1,"minecraft:polished_blackstone_stairs":4,"minecraft:smooth_basalt":8,"endrem:exotic_eye":1,"epicpaladins:arclight_gem":2,"endrem:nether_eye":1,"minecraft:dripstone_block":1,"minecraft:gravel":3,"minecraft:redstone":8,"minecraft:diamond_shovel":1,"minecraft:arrow":1,"cataclysm:dying_ember":2,"minecraft:iron_helmet":1,"minecraft:polished_blackstone_brick_wall":1,"minecraft:polished_blackstone":1,"supplementaries:ash":7,"tombstone:magic_scroll":2,"endrem:rogue_eye":1,"minecraft:chorus_fruit":3,"minecraft:nether_star":1,"minecraft:diamond_pickaxe":1}},"DataVersion":3465}