{"stats":{"minecraft:custom":{"minecraft:jump":289,"minecraft:open_chest":1,"minecraft:time_since_rest":15869,"minecraft:damage_dealt":467,"minecraft:damage_taken":910,"minecraft:leave_game":19,"minecraft:play_time":141093,"minecraft:crouch_one_cm":170,"minecraft:time_since_death":15838,"minecraft:walk_one_cm":26847,"minecraft:sprint_one_cm":11653,"minecraft:walk_on_water_one_cm":7,"minecraft:deaths":2,"minecraft:sneak_time":1572,"minecraft:total_world_time":141093,"minecraft:walk_under_water_one_cm":114,"minecraft:fall_one_cm":5157,"minecraft:fly_one_cm":649681},"minecraft:used":{"minecraft:bread":4},"minecraft:picked_up":{"minecraft:basalt":2}},"DataVersion":3465}