{"stats":{"minecraft:custom":{"minecraft:jump":279,"minecraft:open_chest":1,"minecraft:time_since_rest":33228,"minecraft:deaths":1,"minecraft:damage_dealt":467,"minecraft:damage_taken":910,"minecraft:crouch_one_cm":170,"minecraft:leave_game":17,"minecraft:play_time":116180,"minecraft:sprint_one_cm":11653,"minecraft:time_since_death":35627,"minecraft:walk_on_water_one_cm":7,"minecraft:walk_one_cm":25797,"minecraft:sneak_time":234,"minecraft:total_world_time":116180,"minecraft:fall_one_cm":5157,"minecraft:fly_one_cm":137182},"minecraft:picked_up":{"minecraft:basalt":2},"minecraft:used":{"minecraft:bread":4}},"DataVersion":3465}