{"stats":{"minecraft:custom":{"minecraft:jump":276,"minecraft:open_chest":1,"minecraft:time_since_rest":7340,"minecraft:deaths":1,"minecraft:damage_dealt":465,"minecraft:damage_taken":910,"minecraft:crouch_one_cm":170,"minecraft:leave_game":16,"minecraft:play_time":90292,"minecraft:sprint_one_cm":11653,"minecraft:time_since_death":9739,"minecraft:walk_on_water_one_cm":7,"minecraft:walk_one_cm":22748,"minecraft:sneak_time":234,"minecraft:total_world_time":90292,"minecraft:fall_one_cm":5157,"minecraft:fly_one_cm":137182},"minecraft:used":{"minecraft:bread":4}},"DataVersion":3465}