{"stats":{"minecraft:custom":{"minecraft:jump":274,"minecraft:time_since_rest":75137,"minecraft:walk_on_water_one_cm":7,"minecraft:damage_dealt":465,"minecraft:crouch_one_cm":170,"minecraft:leave_game":16,"minecraft:play_time":75137,"minecraft:sprint_one_cm":11653,"minecraft:damage_taken":670,"minecraft:time_since_death":75137,"minecraft:walk_one_cm":21938,"minecraft:sneak_time":224,"minecraft:total_world_time":75137,"minecraft:fall_one_cm":5157,"minecraft:fly_one_cm":136632,"minecraft:open_chest":1},"minecraft:used":{"minecraft:bread":4}},"DataVersion":3465}